card,row,raw,chain,offset,data
GPU2,222,ec100282,2,10,60432
GPU2,223,00020642,2,25,2
GPU2,224,00e40c42,2,49,228
GPU2,225,40320f02,2,60,16434
GPU2,226,18020f42,2,61,6146
GPU2,227,44100f82,2,62,17424
GPU2,228,c4100fc2,2,63,50192
GPU2,229,20071002,2,64,8199
GPU2,230,1fc01042,2,65,8128
GPU2,231,4bc41082,2,66,19396
GPU2,232,589f1282,2,74,22687
GPU2,233,c0000101,1,4,49152
GPU2,234,a62102c2,2,11,42529
GPU2,235,3e8a0302,2,12,16010
GPU2,236,e3ee0342,2,13,58350
GPU2,237,04700482,2,18,1136
GPU2,238,030010c2,2,67,768
GPU2,239,08041102,2,68,2052
GPU2,240,78a21142,2,69,30882
GPU2,241,06011182,2,70,1537
GPU2,242,800011c2,2,71,32768
GPU2,243,31781202,2,72,12664
GPU2,244,001112c2,2,75,17
GPU2,245,0fff0301,1,12,4095
GPU2,246,40000382,2,14,16384
GPU2,247,6a5b03c2,2,15,27227
GPU2,248,5d270402,2,16,23847
GPU2,249,0e040442,2,17,3588
GPU2,250,001004c2,2,19,16
GPU2,251,9fb60502,2,20,40886
GPU2,252,fc7e0542,2,21,64638
GPU2,253,e9ed0582,2,22,59885
GPU2,254,03d105c2,2,23,977
GPU2,255,a0000b82,2,46,40960
GPU2,256,b1800cc2,2,51,45440
GPU2,257,a0010d02,2,52,40961
GPU2,258,a0640d42,2,53,41060
GPU2,259,00010d82,2,54,1
GPU2,260,61510dc2,2,55,24913
GPU2,261,80530e02,2,56,32851
GPU2,262,60010e42,2,57,24577
GPU2,263,00020e82,2,58,2
GPU2,264,60000ec2,2,59,24576
GPU2,265,80431242,2,73,32835
GPU2,266,a2b613c2,2,79,41654
GPU2,267,64aa1402,2,80,25770
GPU2,268,211d14c2,2,83,8477
GPU2,269,00801502,2,84,128
GPU2,270,00421542,2,85,66
GPU2,271,98670141,1,5,39015
GPU2,272,66010181,1,6,26113
GPU2,273,019801c1,1,7,408
GPU2,274,f91e0201,1,8,63774
GPU2,275,00040241,1,9,4
GPU2,276,f80002c1,1,11,63488
GPU2,277,0ff80381,1,14,4088
GPU2,278,f80803c1,1,15,63496
GPU2,279,1c010401,1,16,7169
GPU2,280,429004c1,1,19,17040
GPU2,281,19860501,1,20,6534
GPU2,282,00600541,1,21,96
GPU2,283,0fef05c1,1,23,4079
GPU2,284,01010681,1,26,257
GPU2,285,41840942,2,37,16772
GPU2,286,41840982,2,38,16772
GPU2,287,078209c2,2,39,1922
GPU2,288,00590bc2,2,47,89
GPU2,289,2ab01342,2,77,10928
GPU2,290,db6d1382,2,78,56173
GPU2,291,00401442,2,81,64
GPU2,292,80ac1582,2,86,32940
GPU3,222,03101097,23,66,784
GPU3,223,800048c6,6,291,32768
GPU3,224,001c4906,6,292,28
GPU3,225,cc000282,2,10,52224
GPU3,226,00800782,2,30,128
GPU3,227,018008c2,2,35,384
GPU3,228,00e40c42,2,49,228
GPU3,229,40320f02,2,60,16434
GPU3,230,1fc50f42,2,61,8133
GPU3,231,801f0f82,2,62,32799
GPU3,232,030f0fc2,2,63,783
GPU3,233,5f101002,2,64,24336
GPU3,234,f1001042,2,65,61696
GPU3,235,abc31082,2,66,43971
GPU3,236,989f1282,2,74,39071
GPU3,237,c0000101,1,4,49152
GPU3,238,a12402c2,2,11,41252
GPU3,239,7e8a0302,2,12,32394
GPU3,240,e7ee0342,2,13,59374
GPU3,241,04500482,2,18,1104
GPU3,242,e3f810c2,2,67,58360
GPU3,243,00031102,2,68,3
GPU3,244,08601142,2,69,2144
GPU3,245,8be21182,2,70,35810
GPU3,246,602711c2,2,71,24615
GPU3,247,001112c2,2,75,17
GPU3,248,012004c1,1,19,288
GPU3,249,06180501,1,20,1560
GPU3,250,20000382,2,14,8192
GPU3,251,5c5b03c2,2,15,23643
GPU3,252,5e870402,2,16,24199
GPU3,253,08040442,2,17,2052
GPU3,254,001004c2,2,19,16
GPU3,255,9fb60502,2,20,40886
GPU3,256,fc7e0542,2,21,64638
GPU3,257,b9ed0582,2,22,47597
GPU3,258,037105c2,2,23,881
GPU3,259,a0000b82,2,46,40960
GPU3,260,91800cc2,2,51,37248
GPU3,261,c0630d02,2,52,49251
GPU3,262,40840d42,2,53,16516
GPU3,263,00010d82,2,54,1
GPU3,264,a0090dc2,2,55,40969
GPU3,265,21610e02,2,56,8545
GPU3,266,20230e42,2,57,8227
GPU3,267,20030e82,2,58,8195
GPU3,268,60030ec2,2,59,24579
GPU3,269,11001202,2,72,4352
GPU3,270,80001242,2,73,32768
GPU3,271,acb613c2,2,79,44214
GPU3,272,64a71402,2,80,25767
GPU3,273,201b14c2,2,83,8219
GPU3,274,10841502,2,84,4228
GPU3,275,08801542,2,85,2176
GPU3,276,61870141,1,5,24967
GPU3,277,80000181,1,6,32768
GPU3,278,006101c1,1,7,97
GPU3,279,f9180201,1,8,63768
GPU3,280,00040241,1,9,4
GPU3,281,f80002c1,1,11,63488
GPU3,282,0fff0301,1,12,4095
GPU3,283,0ff80381,1,14,4088
GPU3,284,f80803c1,1,15,63496
GPU3,285,1c010401,1,16,7169
GPU3,286,0fef05c1,1,23,4079
GPU3,287,01010681,1,26,257
GPU3,288,41040942,2,37,16644
GPU3,289,41840982,2,38,16772
GPU3,290,078209c2,2,39,1922
GPU3,291,00590bc2,2,47,89
GPU3,292,2ab01342,2,77,10928
GPU3,293,db6d1382,2,78,56173
GPU3,294,00401442,2,81,64
GPU3,295,68b01582,2,86,26800
